241918.5335175764,7.62226225219171e-46
271437.0590443892,1.0766729309981278e-45
304557.3894292557,1.5208406806759782e-45
341719.01133365516,2.1482442717699564e-45
383415.0369021819,3.034475364548883e-45
430198.74706111714,4.28631001673498e-45
482690.93322015676,6.054573418202252e-45
541588.1347972512,8.552311811733328e-45
607671.8818734962,1.208046101333877e-44
681819.0656224638,1.7064104160913023e-44
765013.5741233272,2.4103687145486007e-44
858359.3479578774,3.4047362330717497e-44
963095.0288313365,4.809317677279072e-44
1080610.395595243,6.793341691761041e-44
1212464.8057684046,9.59585009049618e-44
1360407.887263798,1.3554498410314816e-43
1526402.7548879287,1.9146237773974786e-43
1712652.0596816083,2.704477954913279e-43
1921627.2167610354,3.8201766336637104e-43
2156101.199494796,5.396142903901066e-43
2419185.335175764,7.622254427445287e-43
2714370.5904438924,1.076672053047124e-42
3045573.8942925567,1.520839695598751e-42
3417190.1133365515,2.148243166495162e-42
3834150.369021819,3.0344741244101425e-42
4301987.470611171,4.286308625276365e-42
4826909.3322015675,6.054571856960022e-42
5415881.347972512,8.55231005999088e-42
6076718.8187349625,1.2080459047851172e-41
6818190.656224639,1.7064101955599868e-41
7650135.741233272,2.4103684671083904e-41
8583593.479578774,3.404735955439224e-41
9630950.288313365,4.809317365770175e-41
10806103.955952428,6.793341342242499e-41
12124648.057684047,9.595849698329855e-41
13604078.87263798,1.3554497970296853e-40
15264027.548879288,1.9146237280266583e-40
17126520.596816085,2.7044778995182542e-40
19216272.167610355,3.820176571509503e-40
21561011.99494796,5.396142834162944e-40
24191853.35175764,7.622254349197652e-40
27143705.904438924,1.0766720442676022e-39
30455738.942925565,1.5208396857479747e-39
34171901.13336551,2.148243155442388e-39
38341503.690218195,3.034474112008725e-39
43019874.706111714,4.286308611361777e-39
48269093.32201568,6.0545718413475e-39
54158813.47972512,8.552310042473072e-39
60767188.187349625,1.208045902819601e-38
68181906.56224638,1.7064101933545506e-38
76501357.41233271,2.410368464633801e-38
85835934.79578775,3.4047359526625845e-38
96309502.88313365,4.809317362654582e-38
108061039.55952406,6.793341338746298e-38
121246480.57684022,9.595849694406168e-38
136040788.7263795,1.3554497965893472e-37
152640275.48879257,1.9146237275323433e-37
171265205.96816048,2.7044778989632895e-37
192162721.67610314,3.820176570886223e-37
215610119.94948003,5.396142833462509e-37
241918533.5175759,7.622254348409475e-37
271437059.0443887,1.0766720441788171e-36
304557389.42925626,1.5208396856477053e-36
341719011.33365446,2.148243155328644e-36
383415036.9021827,3.03447411187906e-36
430198747.0611163,4.2863086112125286e-36
482690933.2201558,6.054571841173527e-36
541588134.7972502,8.552310042266233e-36
607671881.873495,1.2080459027942973e-35
681819065.6224625,1.706410193322494e-35
765013574.1233256,2.41036846459128e-35
858359347.9578757,3.4047359526031907e-35
963095028.8313345,4.809317362567064e-35
1080610395.5952406,6.793341338611144e-35
1212464805.768402,9.595849694189195e-35
1360407887.2638006,1.3554497965532996e-34
1526402754.8879256,1.9146237274711355e-34
1712652059.681612,2.704477898857738e-34
1921627216.7610316,3.82017657070197e-34
2156101199.4948,5.396142833138853e-34
2419185335.175769,7.6222543478388805e-34
2714370590.4438868,1.076672044077811e-33
3045573894.292563,1.5208396854686535e-33
3417190113.3365445,2.148243155010984e-33
3834150369.021827,3.034474111314877e-33
4301987470.611162,4.286308610209981e-33
4826909332.201558,6.054571839391477e-33
5415881347.972524,8.552310039098442e-33
6076718818.73495,1.2080459022311233e-32
6818190656.224652,1.706410192321133e-32
7650135741.233287,2.4103684628107e-32
8583593479.578757,3.404735949436953e-32
9630950288.313385,4.809317356936913e-32
1.0806103955952406e+10,6.79334132859944e-32
1.212464805768407e+10,9.595849676385582e-32
1.360407887263795e+10,1.355449793387309e-31
1.5264027548879257e+10,1.9146237218411782e-31
1.712652059681612e+10,2.7044778888461076e-31
1.9216272167610394e+10,3.820176552898618e-31
2.1561011994948e+10,5.396142801479679e-31
2.419185335175759e+10,7.62225429153979e-31
2.714370590443887e+10,1.0766720340662772e-30
3.045573894292563e+10,1.5208396676653667e-30
3.4171901133365444e+10,2.148243123351754e-30
3.834150369021827e+10,3.0344740550159538e-30
4.3019874706111626e+10,4.286308510094759e-30
4.826909332201578e+10,6.054571661358838e-30
5.4158813479725235e+10,8.552309722506271e-30
6.076718818734975e+10,1.2080458459321747e-29
6.818190656224653e+10,1.7064100922059183e-29
7.650135741233257e+10,2.4103682847778388e-29
8.583593479578757e+10,3.404735632844812e-29
9.630950288313385e+10,4.8093167939477505e-29
1.080610395595245e+11,6.793340327447253e-29
1.2124648057684071e+11,9.595847896057176e-29
1.3604078872637952e+11,1.3554494767952524e-28
1.5264027548879257e+11,1.9146231588520247e-28
1.712652059681612e+11,2.704476887694184e-28
1.9216272167610315e+11,3.820174772570838e-28
2.1561011994948e+11,5.396139635559794e-28
2.419185335175759e+11,7.622248661650653e-28
2.714370590443887e+11,1.0766710329149085e-27
3.045573894292563e+11,1.5208378873389223e-27
3.417190113336544e+11,2.148239957434844e-27
3.834150369021827e+11,3.0344684251333625e-27
4.301987470611163e+11,4.2862984985954136e-27
4.8269093322015576e+11,6.054553858126762e-27
5.415881347972523e+11,8.552278063410473e-27
6.07671881873495e+11,1.2080402160659137e-26
6.818190656224653e+11,1.7064000807430802e-26
7.650135741233256e+11,2.4103504816274816e-26
8.583593479578757e+11,3.4047039739316847e-26
9.630950288313385e+11,4.809260495693956e-26
1.0806103955952406e+12,6.793240213734689e-26
1.2124648057684072e+12,9.595669866604262e-26
1.3604078872637952e+12,1.3554178183410117e-25
1.5264027548879258e+12,1.9145668616257515e-25
1.7126520596816118e+12,2.7043767762819275e-25
1.9216272167610315e+12,3.8199967482673215e-25
2.1561011994948e+12,5.395823062545654e-25
2.4191853351757593e+12,7.621685715196036e-25
2.7143705904438867e+12,1.0765709272801305e-24
3.045573894292563e+12,1.5206598759691162e-24
3.4171901133365444e+12,2.147923413374316e-24
3.834150369021827e+12,3.033905543494641e-24
4.3019874706111626e+12,4.285297587342236e-24
4.826909332201558e+12,6.05277406922671e-24
5.415881347972523e+12,8.549113349857172e-24
6.076718818734975e+12,1.2074774971713049e-23
6.818190656224652e+12,1.7053995337651725e-23
7.650135741233256e+12,2.4085715080593573e-23
8.583593479578757e+12,3.4015410851756567e-23
9.630950288313385e+12,4.8036373905405735e-23
1.0806103955952406e+13,6.783243882431057e-23
1.2124648057684072e+13,9.577900578164384e-23
1.3604078872637951e+13,1.352259503982474e-22
1.5264027548879318e+13,1.9089539883510178e-22
1.712652059681612e+13,2.6944033261961387e-22
1.9216272167610395e+13,3.8022786138784316e-22
2.1561011994948e+13,5.3643542400943165e-22
2.419185335175759e+13,7.565812357841703e-22
2.714370590443887e+13,1.0666544920518018e-21
3.0455738942925504e+13,1.5030689428622855e-21
3.4171901133365445e+13,2.1167381293378095e-21
3.834150369021827e+13,2.9786635107100157e-21
4.3019874706111625e+13,4.187536997714695e-21
4.826909332201558e+13,5.879980655240579e-21
5.415881347972501e+13,8.24416203771986e-21
6.07671881873495e+13,1.1537600280137392e-20
6.8181906562246805e+13,1.6109956263995273e-20
7.650135741233256e+13,2.243138535200265e-20
8.583593479578758e+13,3.1126489420799775e-20
9.630950288313345e+13,4.301287479134565e-20
1.080610395595245e+14,5.914166147197657e-20
1.2124648057684072e+14,8.083497561430418e-20
1.3604078872637952e+14,1.0971276050569335e-19
1.5264027548879256e+14,1.4769892068414088e-19
1.712652059681605e+14,1.9699621777580968e-19
1.9216272167610316e+14,2.600221732592079e-19
2.1561011994948003e+14,3.3930578011801365e-19
2.419185335175769e+14,4.373566539412596e-19
2.714370590443887e+14,5.565311637230775e-19
3.0455738942925506e+14,6.989284539456473e-19
3.4171901133365444e+14,8.66347605042521e-19
3.8341503690218425e+14,1.0603238404385529e-18
4.3019874706111625e+14,1.282241041962527e-18
4.8269093322015575e+14,1.5334984644347021e-18
5.415881347972501e+14,1.8156992964916194e-18
6.07671881873495e+14,2.130830317956153e-18
6.818190656224652e+14,2.4814122862264564e-18
7.650135741233256e+14,2.870613900140185e-18
8.583593479578792e+14,3.3023330942584437e-18
9.630950288313385e+14,3.781255629673646e-18
1.0806103955952451e+15,4.312902680497026e-18
1.2124648057684072e+15,4.903677909831742e-18
1.3604078872637952e+15,5.5609220623877945e-18
1.5264027548879258e+15,6.292980563808574e-18
1.712652059681619e+15,7.109287609075565e-18
1.9216272167610315e+15,8.020468906643015e-18
2.156101199494809e+15,9.038464548707457e-18
2.419185335175769e+15,1.0176673245469198e-17
2.714370590443887e+15,1.1450119237701579e-17
3.045573894292563e+15,1.2875643467322972e-17
3.4171901133365445e+15,1.4472120959810205e-17
3.834150369021827e+15,1.6260706808259847e-17
4.3019874706111625e+15,1.8265113623323743e-17
4.826909332201558e+15,2.0511923818065265e-17
5.415881347972523e+15,2.303094063296305e-17
6.07671881873495e+15,2.5843947252232757e-17
6.818190656224681e+15,2.892685102787388e-17
7.650135741233256e+15,3.228316115050388e-17
8.583593479578792e+15,3.597056043243426e-17
9.630950288313384e+15,4.001396520409937e-17
1.080610395595245e+16,4.443900548577817e-17
1.212464805768412e+16,4.927349326494364e-17
1.3604078872637952e+16,5.4546884025525215e-17
1.5264027548879256e+16,6.030270459132981e-17
1.712652059681612e+16,6.660199169695668e-17
1.921627216761039e+16,7.347608544630326e-17
2.156101199494809e+16,8.092646769864389e-17
2.419185335175759e+16,8.898593472225689e-17
2.7143705904438868e+16,9.770932787801405e-17
3.0455738942925628e+16,1.0716723183438216e-16
3.4171901133365584e+16,1.1746007263242468e-16
3.8341503690218424e+16,1.2861234778024338e-16
4.3019874706111624e+16,1.405712429612646e-16
4.8269093322015576e+16,1.533528480494566e-16
5.415881347972523e+16,1.670175228203709e-16
6.076718818734974e+16,1.8163666446746832e-16
6.818190656224681e+16,1.973206488398838e-16
7.650135741233256e+16,2.140277781977808e-16
8.583593479578757e+16,2.3156560464560565e-16
9.630950288313384e+16,2.498576029378598e-16
1.0806103955952451e+17,2.688948492605924e-16
1.2124648057684122e+17,2.8867875225057083e-16
1.3604078872637952e+17,3.09275264360139e-16
1.5264027548879258e+17,3.3041316988674763e-16
1.7126520596816118e+17,3.5151665428749383e-16
1.9216272167610394e+17,3.723173764168172e-16
2.156101199494809e+17,3.9276488990452264e-16
2.419185335175759e+17,4.126926167135735e-16
2.714370590443887e+17,4.319617629826876e-16
3.0455738942925626e+17,4.503204726169076e-16
3.417190113336558e+17,4.674759512286331e-16
3.8341503690218426e+17,4.834989660088703e-16
4.301987470611162e+17,4.98757954835962e-16
4.826909332201558e+17,5.137290120890706e-16
5.4158813479725235e+17,5.289542250277191e-16
6.076718818734975e+17,5.448425288813218e-16
6.818190656224681e+17,5.613815964213548e-16
7.650135741233256e+17,5.777866376863545e-16
8.583593479578757e+17,5.921503556600567e-16
9.630950288313385e+17,6.012628082118395e-16
1.080610395595245e+18,6.008058396127988e-16
1.2124648057684122e+18,5.859755002584376e-16
1.3604078872637952e+18,5.527852481715806e-16
1.5264027548879258e+18,4.995222498705136e-16
1.712652059681612e+18,4.2812296802633894e-16
1.9216272167610394e+18,3.4453018628016823e-16
2.156101199494809e+18,2.5776060236955935e-16
2.419185335175759e+18,1.7755733050923617e-16
2.714370590443887e+18,1.1161041770702607e-16
3.045573894292563e+18,6.352375839893647e-17
3.4171901133365586e+18,3.254538933651206e-17
3.834150369021843e+18,1.4964149164645928e-17
4.3019874706111626e+18,6.1813411788818235e-18
4.826909332201558e+18,2.308081730002689e-18
5.415881347972523e+18,7.878060745572466e-19
6.076718818734975e+18,2.4871126564477515e-19
6.818190656224681e+18,7.294164631046971e-20
7.650135741233255e+18,1.9631942031709515e-20
8.583593479578757e+18,4.723756679807645e-21
9.630950288313385e+18,9.822188274716506e-22
1.0806103955952452e+19,1.7088811961996518e-22
1.2124648057684122e+19,2.4106271682042555e-23
1.3604078872637952e+19,2.6744856201520837e-24
1.5264027548879258e+19,2.256891023465539e-25
1.712652059681612e+19,1.3976729352201968e-26
1.9216272167610393e+19,6.10081737891191e-28
2.1561011994948088e+19,1.9596048976723264e-29
